miner_id,hash_power,mined_blocks,canonical_blocks,orphan_blocks,orphan_ratio,mined_share,canonical_share,mined_vs_hp_ratio,canonical_vs_hp_ratio
M0,0.12935335356880617,0,0,0,0.0,0.0,0.0,0.0,0.0
M1,0.16006124682899286,0,0,0,0.0,0.0,0.0,0.0,0.0
M2,0.2642686600659098,0,0,0,0.0,0.0,0.0,0.0,0.0
M3,0.13314792344090332,0,0,0,0.0,0.0,0.0,0.0,0.0
M4,0.14521207079672052,1,1,0,0.0,0.5,0.5,3.443239926658301,3.443239926658301
M5,0.16795674529866725,1,1,0,0.0,0.5,0.5,2.9769569487124823,2.9769569487124823
